[{"model":"upis.Predmet","pk":1, "fields":{"naziv": "Linearna algebra", "kod":"SIT001", "program":"Program nije unesen", "ects":5, "sem_red":1, "sem_izv":1, "izborni":"ne"}},
{"model":"upis.Predmet","pk":2, "fields":{"naziv": "Fizika", "kod":"SIT002", "program":"Program nije unesen", "ects":6, "sem_red":1, "sem_izv":3, "izborni":"ne"}},
{"model":"upis.Predmet","pk":3, "fields":{"naziv": "Osnove elektrotehnike", "kod":"SIT003", "program":"Program nije unesen", "ects":6, "sem_red":1, "sem_izv":1, "izborni":"ne"}},
{"model":"upis.Predmet","pk":4, "fields":{"naziv": "Digitalna i mikroprocesorska tehnika", "kod":"SIT004", "program":"Program nije unesen", "ects":7, "sem_red":1, "sem_izv":2, "izborni":"ne"}},
{"model":"upis.Predmet","pk":5, "fields":{"naziv": "Uporaba računala", "kod":"SIT005", "program":"Program nije unesen", "ects":4, "sem_red":1, "sem_izv":1, "izborni":"ne"}},
{"model":"upis.Predmet","pk":6, "fields":{"naziv": "Engleski jezik 1", "kod":"SIT006", "program":"Program nije unesen", "ects":2, "sem_red":1, "sem_izv":1, "izborni":"ne"}},
{"model":"upis.Predmet","pk":7, "fields":{"naziv": "Analiza 1", "kod":"SIT007", "program":"Program nije unesen", "ects":7, "sem_red":2, "sem_izv":2, "izborni":"ne"}},
{"model":"upis.Predmet","pk":8, "fields":{"naziv": "Osnove elektronike", "kod":"SIT008", "program":"Program nije unesen", "ects":6, "sem_red":2, "sem_izv":2, "izborni":"ne"}},
{"model":"upis.Predmet","pk":9, "fields":{"naziv": "Arhitektura i organizacija digitalnih računala", "kod":"SIT009", "program":"Program nije unesen", "ects":7, "sem_red":2, "sem_izv":3, "izborni":"ne"}},
{"model":"upis.Predmet","pk":10,"fields":{"naziv" : "Uvod u programiranje", "kod":"SIT010", "program":"Program nije unesen", "ects":8, "sem_red":2, "sem_izv":3, "izborni":"ne"}},
{"model":"upis.Predmet","pk":11,"fields":{"naziv" : "Engleski jezik 2", "kod":"SIT011", "program":"Program nije unesen", "ects":2, "sem_red":2, "sem_izv":2, "izborni":"ne"}},
{"model":"upis.Predmet","pk":12,"fields":{"naziv" : "Primijenjena i numerička matematika", "kod":"SIT012", "program":"Program nije unesen", "ects":6, "sem_red":3, "sem_izv":4, "izborni":"ne"}},
{"model":"upis.Predmet","pk":13,"fields":{"naziv" : "Programske metode i apstrakcije", "kod":"SIT013", "program":"Program nije unesen", "ects":8, "sem_red":3, "sem_izv":4, "izborni":"ne"}},
{"model":"upis.Predmet","pk":14,"fields":{"naziv" : "Baze podataka", "kod":"SIT014", "program":"Program nije unesen", "ects":6, "sem_red":3, "sem_izv":5, "izborni":"ne"}},
{"model":"upis.Predmet","pk":15,"fields":{"naziv" : "Informacijski sustavi", "kod":"SIT015", "program":"Program nije unesen", "ects":6, "sem_red":3, "sem_izv":4, "izborni":"ne"}},
{"model":"upis.Predmet","pk":16,"fields":{"naziv" : "Tehnički Engleski jezik", "kod":"SIT016", "program":"Program nije unesen", "ects":4, "sem_red":3, "sem_izv":5, "izborni":"ne"}},
{"model":"upis.Predmet","pk":17,"fields":{"naziv" : "Računalne mreže", "kod":"SIT017", "program":"Program nije unesen", "ects":5, "sem_red":4, "sem_izv":5, "izborni":"ne"}},
{"model":"upis.Predmet","pk":18,"fields":{"naziv" : "Operacijski sustavi", "kod":"SIT018", "program":"Program nije unesen", "ects":5, "sem_red":4, "sem_izv":5, "izborni":"ne"}},
{"model":"upis.Predmet","pk":19,"fields":{"naziv" : "Strukture podataka i algoritmi", "kod":"SIT019", "program":"Program nije unesen", "ects":5, "sem_red":4, "sem_izv":6, "izborni":"da"}},
{"model":"upis.Predmet","pk":20,"fields":{"naziv" : "Objektno programiranje", "kod":"SIT020", "program":"Program nije unesen", "ects":5, "sem_red":4, "sem_izv":6, "izborni":"da"}},
{"model":"upis.Predmet","pk":21,"fields":{"naziv" : "Baze podataka 2", "kod":"SIT021", "program":"Program nije unesen", "ects":5, "sem_red":4, "sem_izv":6, "izborni":"da"}},
{"model":"upis.Predmet","pk":22,"fields":{"naziv": "Mrežne usluge i programiranje", "kod":"SIT022", "program":"Program nije unesen", "ects":5, "sem_red":4, "sem_izv":6, "izborni":"da"}},
{"model":"upis.Predmet","pk":23,"fields":{"naziv" : "Arhitektura osobnih računala", "kod":"SIT023", "program":"Program nije unesen", "ects":5, "sem_red":4, "sem_izv":6, "izborni":"da"}},
{"model":"upis.Predmet","pk":24,"fields":{"naziv" : "Projektiranje i upravljanje računalnim mrežama", "kod":"SIT024", "program":"Program nije unesen", "ects":5, "sem_red":4, "sem_izv":6, "izborni":"da"}},
{"model":"upis.Predmet","pk":25,"fields":{"naziv" : "Projektiranje informacijskih sustava", "kod":"SIT025", "program":"Program nije unesen", "ects":5, "sem_red":4, "sem_izv":6, "izborni":"da"}},
{"model":"upis.Predmet","pk":26,"fields":{"naziv" : "Informatizacija poslovanja", "kod":"SIT026", "program":"Program nije unesen", "ects":5, "sem_red":4, "sem_izv":6, "izborni":"da"}},
{"model":"upis.Predmet","pk":27,"fields":{"naziv" : "Ekonomika i organizacija poduzeća", "kod":"SIT027", "program":"Program nije unesen", "ects":2, "sem_red":5, "sem_izv":7, "izborni":"ne"}},
{"model":"upis.Predmet","pk":28,"fields":{"naziv" : "Analiza 2", "kod":"SIT028", "program":"Program nije unesen", "ects":6, "sem_red":5, "sem_izv":7, "izborni":"ne"}},
{"model":"upis.Predmet","pk":29,"fields":{"naziv" : "Industrijska praksa", "kod":"SIT029", "program":"Program nije unesen", "ects":2, "sem_red":5, "sem_izv":7, "izborni":"ne"}},
{"model":"upis.Predmet","pk":30,"fields":{"naziv" : "Arhitektura poslužiteljskih računala", "kod":"SIT030", "program":"Program nije unesen", "ects":5, "sem_red":5, "sem_izv":7, "izborni":"da"}},
{"model":"upis.Predmet","pk":31,"fields":{"naziv" : "Sigurnost računala i podataka", "kod":"SIT031", "program":"Program nije unesen", "ects":5, "sem_red":5, "sem_izv":7, "izborni":"da"}},
{"model":"upis.Predmet","pk":32,"fields":{"naziv" : "Programski alati na UNIX računalima", "kod":"SIT032", "program":"Program nije unesen", "ects":5, "sem_red":5, "sem_izv":7, "izborni":"da"}},
{"model":"upis.Predmet","pk":33,"fields":{"naziv" : "Napredno Windows programiranje", "kod":"SIT033", "program":"Program nije unesen", "ects":5, "sem_red":5, "sem_izv":7, "izborni":"da"}},
{"model":"upis.Predmet","pk":34,"fields":{"naziv" : "Objektno orijentirano modeliranje", "kod":"SIT034", "program":"Program nije unesen", "ects":5, "sem_red":5, "sem_izv":7, "izborni":"da"}},
{"model":"upis.Predmet","pk":35,"fields":{"naziv" : "Programiranje u Javi", "kod":"SIT035", "program":"Program nije unesen", "ects":5, "sem_red":5, "sem_izv":7, "izborni":"da"}},
{"model":"upis.Predmet","pk":36,"fields":{"naziv" : "Programiranje na Internetu", "kod":"SIT036", "program":"Program nije unesen", "ects":5, "sem_red":5, "sem_izv":7, "izborni":"da"}},
{"model":"upis.Predmet","pk":37,"fields":{"naziv" : "Elektroničko poslovanje", "kod":"SIT037", "program":"Program nije unesen", "ects":5, "sem_red":5, "sem_izv":7, "izborni":"da"}},
{"model":"upis.Predmet","pk":38,"fields":{"naziv" : "Diskretna matematika", "kod":"SIT038", "program":"Program nije unesen", "ects":6, "sem_red":6, "sem_izv":8, "izborni":"ne"}},
{"model":"upis.Predmet","pk":39,"fields":{"naziv" : "Upravljanje poslužiteljskim računalima", "kod":"SIT039", "program":"Program nije unesen", "ects":5, "sem_red":6, "sem_izv":8, "izborni":"da"}},
{"model":"upis.Predmet","pk":40,"fields":{"naziv" : "Programiranje u C#", "kod":"SIT040", "program":"Program nije unesen", "ects":5, "sem_red":6, "sem_izv":8, "izborni":"da"}},
{"model":"upis.Predmet","pk":41,"fields":{"naziv" : "Društveni informacijski sustavi", "kod":"SIT041", "program":"Program nije unesen", "ects":5, "sem_red":6, "sem_izv":8, "izborni":"da"}},
{"model":"upis.Predmet","pk":42,"fields":{"naziv" : "Oblikovanje Web stranica", "kod":"SIT042", "program":"Program nije unesen", "ects":5, "sem_red":6, "sem_izv":8, "izborni":"da"}},
{"model":"upis.Predmet","pk":43,"fields":{"naziv" : "Vođenje projekata i dokumentacija", "kod":"SIT043", "program":"Program nije unesen", "ects":5, "sem_red":6, "sem_izv":8, "izborni":"da"}},
{"model":"upis.Predmet","pk":44,"fields":{"naziv" : "Informatizacija proizvodnje", "kod":"SIT044", "program":"Program nije unesen", "ects":5, "sem_red":6, "sem_izv":8, "izborni":"da"}},
{"model":"upis.Predmet","pk":45,"fields":{"naziv" : "Analiza i obrada podataka", "kod":"SIT045", "program":"Program nije unesen", "ects":5, "sem_red":6, "sem_izv":8, "izborni":"da"}},
{"model":"upis.Predmet","pk":46,"fields":{"naziv" : "Njemački jezik", "kod":"SSZP40", "program":"Program nije unesen", "ects":4, "sem_red":6, "sem_izv":8, "izborni":"da"}},
{"model":"upis.Predmet","pk":47,"fields":{"naziv" : "Talijanski jezik", "kod":"SSZP50", "program":"Program nije unesen", "ects":4, "sem_red":6, "sem_izv":8, "izborni":"da"}},
{"model":"upis.Predmet","pk":48,"fields":{"naziv" : "Završni rad", "kod":"SIT046", "program":"Program nije unesen", "ects":8, "sem_red":6, "sem_izv":8, "izborni":"ne"}}
]
